Section,Page Name,URL
Main Pages,Home,https://zurich-chi.vercel.app/
Main Pages,About,https://zurich-chi.vercel.app/about
Main Pages,Portfolio (listing),https://zurich-chi.vercel.app/portfolio
Main Pages,Case Study (listing),https://zurich-chi.vercel.app/case-study
Main Pages,Contact,https://zurich-chi.vercel.app/contact
Portfolio Project Pages,Satyam Surya Manhattan,https://zurich-chi.vercel.app/portfolio/satyam-surya-manhattan
Portfolio Project Pages,Vivanta Sky Towers,https://zurich-chi.vercel.app/portfolio/vivanta-sky-towers
Portfolio Project Pages,Festival Vibes,https://zurich-chi.vercel.app/portfolio/festival-vibes
Portfolio Project Pages,The Palatial Gardens,https://zurich-chi.vercel.app/portfolio/the-palatial-gardens
Portfolio Project Pages,Sanskruti Ryan Residency,https://zurich-chi.vercel.app/portfolio/sanskruti-ryan-residency
Portfolio Project Pages,Palladium Highstreet,https://zurich-chi.vercel.app/portfolio/palladium-highstreet
Portfolio Project Pages,Keystone Skyvillas XL,https://zurich-chi.vercel.app/portfolio/keystone-skyvillas-xl
Portfolio Project Pages,Vraj Hillview,https://zurich-chi.vercel.app/portfolio/vraj-hillview
Portfolio Project Pages,Aatlantis The Castle,https://zurich-chi.vercel.app/portfolio/aatlantis-the-castle
Portfolio Project Pages,Greenleaf Heritage,https://zurich-chi.vercel.app/portfolio/greenleaf-heritage
Portfolio Project Pages,Vivera,https://zurich-chi.vercel.app/portfolio/vivera
Portfolio Project Pages,Vyom by Balajee,https://zurich-chi.vercel.app/portfolio/vyom-by-balajee
Portfolio Project Pages,Krupa Aspire,https://zurich-chi.vercel.app/portfolio/krupa-aspire
Portfolio Project Pages,RK Landmark,https://zurich-chi.vercel.app/portfolio/rk-landmark
Portfolio Project Pages,Skyline Excellent,https://zurich-chi.vercel.app/portfolio/skyline-excellent
Portfolio Project Pages,TSL,https://zurich-chi.vercel.app/portfolio/tsl
Portfolio Project Pages,VS Monolith,https://zurich-chi.vercel.app/portfolio/vs-monolith
Portfolio Project Pages,Happy Mall,https://zurich-chi.vercel.app/portfolio/happy-mall
Portfolio Project Pages,Vinod City Mall,https://zurich-chi.vercel.app/portfolio/vcm
Portfolio Project Pages,Manogya,https://zurich-chi.vercel.app/portfolio/manogya
Portfolio Project Pages,Darshanam Kingsville 2,https://zurich-chi.vercel.app/portfolio/atc
Portfolio Project Pages,Keystone 51,https://zurich-chi.vercel.app/portfolio/keystone-51
Portfolio Project Pages,Oceanic Villa,https://zurich-chi.vercel.app/portfolio/oceanic-villa
Portfolio Project Pages,Reva Allizza,https://zurich-chi.vercel.app/portfolio/reva-allizza
Portfolio Project Pages,Raamah Eldoraa,https://zurich-chi.vercel.app/portfolio/raamah-eldoraa
Portfolio Project Pages,Keystone Woods,https://zurich-chi.vercel.app/portfolio/keystone-woods
Portfolio Project Pages,Aatmiya Industrial Park,https://zurich-chi.vercel.app/portfolio/aatmiya-industrial-park
Portfolio Project Pages,Shivbhumi Industrial Park,https://zurich-chi.vercel.app/portfolio/shivbhumi-industrial-park
Portfolio Project Pages,Accord Design,https://zurich-chi.vercel.app/portfolio/accord-design
Portfolio Project Pages,Elite Design,https://zurich-chi.vercel.app/portfolio/elite-design
Portfolio Project Pages,Ratnam,https://zurich-chi.vercel.app/portfolio/ratnam
Portfolio Project Pages,Samruddhi,https://zurich-chi.vercel.app/portfolio/samruddhi
Portfolio Project Pages,Krrish Group,https://zurich-chi.vercel.app/portfolio/krrish-group
Portfolio Project Pages,Greenleaf Heritage (Campaign),https://zurich-chi.vercel.app/portfolio/greenleaf-heritage-campaign
Portfolio Project Pages,Sky Gateway,https://zurich-chi.vercel.app/portfolio/sky-gateway
Portfolio Project Pages,Lush Meadows,https://zurich-chi.vercel.app/portfolio/lush-meadows
Portfolio Project Pages,The Lakeview,https://zurich-chi.vercel.app/portfolio/the-lakeview
Case Study Pages,Festive Vibes,https://zurich-chi.vercel.app/case-study/festive-vibes
Case Study Pages,Greenleaf Heritage,https://zurich-chi.vercel.app/case-study/greenleaf-heritage
Case Study Pages,Happy Mall,https://zurich-chi.vercel.app/case-study/happy-mall
Case Study Pages,Lush Meadows,https://zurich-chi.vercel.app/case-study/lush-meadows
Case Study Pages,Reva Allizza,https://zurich-chi.vercel.app/case-study/reva-allizza
Case Study Pages,RK Landmark,https://zurich-chi.vercel.app/case-study/rk-landmark
Case Study Pages,Satyam Surya Manhattan,https://zurich-chi.vercel.app/case-study/satyam-surya-manhattan
Case Study Pages,TSL,https://zurich-chi.vercel.app/case-study/tsl
